{
  "positive": {
    "count": 5995,
    "number_of_turns": {
      "min": 1,
      "max": 173,
      "avg": 19.58348623853211,
      "std": 14.525482857142084
    },
    "word_count": {
      "min": 1,
      "max": 2881,
      "avg": 340.34211843202667,
      "std": 260.820827016723
    }
  },
  "intermediate": {
    "count": 20491,
    "number_of_turns": {
      "min": 1,
      "max": 199,
      "avg": 6.887999609584695,
      "std": 6.920274105833134
    },
    "word_count": {
      "min": 1,
      "max": 2934,
      "avg": 100.30618320238153,
      "std": 102.5618322416055
    }
  },
  "negative": {
    "count": 3514,
    "number_of_turns": {
      "min": 1,
      "max": 177,
      "avg": 14.414911781445646,
      "std": 11.295017545344688
    },
    "word_count": {
      "min": 1,
      "max": 3136,
      "avg": 197.9595902105862,
      "std": 197.48139993090746
    }
  }
}