{
  "positive": {
    "count": 5995,
    "number_of_turns": {
      "min": 0,
      "max": 106,
      "avg": 13.8070058381985,
      "std": 10.174882037622465
    },
    "word_count": {
      "min": 1,
      "max": 2881,
      "avg": 340.34211843202667,
      "std": 260.820827016723
    }
  },
  "intermediate": {
    "count": 20491,
    "number_of_turns": {
      "min": 0,
      "max": 126,
      "avg": 4.966277878092821,
      "std": 4.979954439647656
    },
    "word_count": {
      "min": 1,
      "max": 2934,
      "avg": 100.30618320238153,
      "std": 102.5618322416055
    }
  },
  "negative": {
    "count": 3514,
    "number_of_turns": {
      "min": 0,
      "max": 126,
      "avg": 10.396414342629482,
      "std": 8.041454823621175
    },
    "word_count": {
      "min": 1,
      "max": 3136,
      "avg": 197.9595902105862,
      "std": 197.48139993090746
    }
  }
}