{
  "positive": {
    "count": 11990,
    "number_of_turns": {
      "min": 1,
      "max": 134,
      "avg": 14.65487906588824,
      "std": 11.328147682041521
    },
    "word_count": {
      "min": 1,
      "max": 2881,
      "avg": 340.34211843202667,
      "std": 260.8208270167234
    }
  },
  "intermediate": {
    "count": 40982,
    "number_of_turns": {
      "min": 1,
      "max": 185,
      "avg": 5.3478356351568985,
      "std": 5.458743187812834
    },
    "word_count": {
      "min": 1,
      "max": 2934,
      "avg": 100.30618320238153,
      "std": 102.56183224160607
    }
  },
  "negative": {
    "count": 7028,
    "number_of_turns": {
      "min": 1,
      "max": 155,
      "avg": 10.932413204325554,
      "std": 8.878815574355961
    },
    "word_count": {
      "min": 1,
      "max": 3136,
      "avg": 197.9595902105862,
      "std": 197.481399930907
    }
  }
}